uri	englishTitle	syriacTitle	incipit	explicit	syriacCorpusUri	status	notes
http://syriaca.org/work/1040	Thomas, the Apostle (text)	ܬܐܘܡܐ	ܐܘܣܦ ܠܝ ܡܪܝ ܡܢ ܡܘܗܒܬܟ ܐܝܟ ܕܡܥܕ ܐܢܬ: ܕܐܨܘܪ ܫܘܦܪܗ ܕܗܿܘ ܕܐܙܕܒܢ ܡܛܠ ܚܘܒܟ.				
http://syriaca.org/work/1041	Thomas, the Apostle (text)	ܬܐܘܡܐ	ܒܪܐ ܕܡܝܬ ܘܚܝܐ ܘܐܬܢܚܡ ܒܗ ܓܢܣܐ ܕܐܢܫ̈ܐ: ܢܚܡ ܬܪܥܝܬ ܡܢ ܚܫܘܟܐ ܕܩܒܝܪܐ ܒܗ.	ܒܪܝܟ ܗܘ ܕܝܗܒ ܠܗ ܚܝܠܐ ܠܥܒܕܗ ܘܢܨܚ ܒܫܡܗ: ܕܗܘ ܒܨܠܘܬܗ ܢܢܛܪ ܟܢܫܢ ܡܢ ܢܟܝ̈ܢܐ.			
http://syriaca.org/work/1068	Daniel of Galash (text)		ܕܢܒܪܟ ܠܡܪܝܐ ܒܟܠܙܒܢ ܡܠܬܐ ܐܠܗܝܬܐ ܦܩܕܐ ܠܢ. ܕܒܟܠܥܕܢ ܬܫܒܘܚܬܐ ܚܕܬܐ ܒܦܘܡܢ ܠܡܪܝܐ ܢܙܡܪ.				
http://syriaca.org/work/1076	Mary Mother of God (text)	ܡܪܝܡ ܝܠܕܬ ܐܠܗܐ	ܛܒܐ ܕܦܬܝܚ ܬܪܥܗ ܠܒܝ̈ܫܐ ܘܠܚܛܝ̈ܐ: ܗܒ ܠܝ ܐܥܘܠ ܐܚܙܐ ܫܘܦܪܟ ܟܕ ܬܗܪ ܐܢܐ.	ܛܘܒܝܗܿ ܕܒܪܗܿ ܝܗܒ ܛܘܒܐ ܠܟܠ ܛܘ̈ܒܢܐ: ܒܪܝܟ ܕܕܢܚ ܠܢ ܡܢ ܕܟܝܘܬܗܿ ܩܕܝܫܐܝܬ.			
http://syriaca.org/work/1077	Mary Mother of God (Annunciation) (text)	ܡܪܝܡ ܝܠܕܬ ܐܠܗܐ	ܒܪ ܐܠܗܐ ܕܐܝܬܘܗܝ ܡܠܬܐ ܕܠܐ ܡܬܡܠܠ: ܗܒ ܠܝ ܡܠܬܐ ܕܙܡܪܐ ܫܘܒܚܟ ܥܬܝܪܐܝܬ.	ܘܡܢ ܣܘܥܪ̈ܢܘܗܝ ܝܠܦܗ ܥܠܡܐ ܕܒܪ ܐܠܗܐ ܗܘ: ܒܪܝܟ ܗܘ ܟܣܝܐ ܕܐܬܐ ܠܓܠܝܐ ܕܢܚܐ ܠܐܕܡ.			
http://syriaca.org/work/1078	Mary Mother of God (Visitation) (text)	ܡܪܝܡ ܝܠܕܬ ܐܠܗܐ	ܒܟ ܡܪܐ ܟܠ ܢܬܬܙܝܥ ܟܢܪܝ ܥܠ ܬܫܒܘܚܬܟ: ܕܒܟ ܗܘ ܣܦܿܩ ܐܝܢܐ ܕܚܒܿܨ ܕܢܡܠܠ ܠܟ.	ܒܡܠܬܐ ܘܩܠܐ ܬܗܪܐ ܪܒܐ ܠܕܦܪܘܫܝܢ: ܒܪܝܟ ܗܘ ܡܠܬܐ ܕܐܟܪܙ ܩܠܐ ܥܠ ܓܠܝܢܗ.			
http://syriaca.org/work/1079	Mary Mother of God (Virginity) (text)	ܡܪܝܡ ܝܠܕܬ ܐܠܗܐ	ܒܪܗܿ ܕܒܬܘܠܬܐ ܕܪܡ ܗܘ ܡܐܡܪܗ ܡܢ ܚܟܝ̈ܡܐ: ܡܠܝܢܝ ܡܘܗܒܬܟ ܐܢܗܪ ܘܐܡܪ ܥܠ ܡܘܠܕܟ.	ܒܬܘܠܬܐ ܗܝ ܡܪܝܡ ܘܒܬܘܠܬܘܬܗܿ ܡܢ ܥܠܡ ܗܝ: ܒܪܝܟ ܕܐܣܓܝ ܠܗܿ ܫܘܦܪ̈ܐ ܒܝܠܕܗܿ ܠܡܨܠܠܬܐ.			
http://syriaca.org/work/1080	Mary Mother of God (Death) (text)	ܡܪܝܡ ܝܠܕܬ ܐܠܗܐ	ܒܪܐ ܕܒܚܘܒܗ ܐܪܟܢ ܪܘܡܐ ܘܢܚܬ ܠܐܪܥܐ: ܘܠܒܫ ܦܓܪܐ ܘܗܘܐ ܐܢܫܐ ܡܢ ܒܪܬ ܕܘܝܕ.	ܚܬܢܐ ܡܫܝܚܐ ܠܟ ܬܫܒܘܚܬܐ ܡܢ ܟܠ ܦܘ̈ܡܝܢ: ܘܥܠܝܢ ܪ̈ܚܡܐ ܒܟܠܥܕܢ̈ܝܢ ܐܡܝܢ ܘܐܡܝܢ.			
http://syriaca.org/work/1151	The Children of Ephesus (text)		ܒܪ ܐܠܗܐ ܕܦܬܝܚ ܬܪܥܗ ܠܕܩܿܪܐ ܠܗ. ܦܬܚ ܠܝ ܬܪܥܟ ܐܙܡܪ ܫܘܦܪܐ ܕܒܢ̈ܝ ܢܘܗܪܐ.	ܒܪܝܟ ܗܘ ܪܥܝܐ ܕܓܒܐ ܠܐܡܪ̈ܐ ܡܢ ܓܘ ܥܢܗ. ܘܐܘܪܬ ܐܢܘܢ ܓܢܘܢܐ ܘܓܢܬܐ ܘܡܠܟܘܬ ܪܘܡܐ.			
http://syriaca.org/work/1152	Mary, Mother of God (text)	ܡܪܝܡ ܝܠܕܬ ܐܠܗܐ					
http://syriaca.org/work/1153	Holy Innocents (text)	ܘܩܛܠܐ ܕܝܠܘ̈ܕܐ	ܢܘܗܪܐ ܢܦܩ ܗܘܐ ܕܠܚܫܘܟܐ ܕܥܠܡܐ ܢܩܛܘܠ: ܘܡܢ ܟܠ ܦܢܝ̈ܢ ܨܐܕ ܗܘܐ ܠܗ ܚܟܝܡܐܝܬ.	ܚܬܘܡ ܒܨܠܝܒܟ ܠܗܿ ܘܠܝܠܕ̈ܝܗܿ ܕܚܬܝܪܐ ܒܟ. ܘܢܡܛܝܢܝ ܐܦ ܠܝ ܗܘܦܐ ܕܪ̈ܚܡܐ ܘܐܬܚܣܐ ܒܟ.			
http://syriaca.org/work/1154	Constantine the Emperor and the Fathers of Nicea (text)	ܩܘܣܛܢܛܝܢܘܣ	ܒܗܝܡܢܘܬܗ ܕܒܪ ܐܠܗܐ ܢܗܪ̈ܝ ܒܪ̈ܝܬܐ: ܘܒܗܿ ܐܬܦܬܚ ܥܠܡܐ ܣܡܝܐ ܘܚܙܐ ܢܘܗܪܐ.	ܘܐܙܠ ܘܐܬܐ ܕܢܘܪܬ ܓܐܙܐ ܠܐܕܡ: ܘܗܘܝܘ ܕܐܙܠܘ ܘܗܘܝܘ ܕܐܬܐ ܠܗ ܬܫܒܘܚܬܐ.			
http://syriaca.org/work/1156	The Forty Martyrs of Sebaste (text)		ܒܪ ܐܠܗܐ ܕܕܪܫ ܐܘܪܚܐ ܠܒܝܬ ܡܠܟܘܬܐ: ܕܪܘܫ ܠܗܿ ܠܡܠܬܝ ܐܘܪܚܐ ܕܚܝ̈ܐ ܕܬܗܠܟ ܒܗܿ.	ܘܐܪܝܡ ܩܪܢܗܿ ܒܫ... ܕܡܢܟ ܕܬܙܡܪ ܫܘܒܚܐ ܠܟ ܐܦ ܠܐܒܘܟ ܘܠܪܘܚ ܩܘܕܫܐ ܥܕܡܐ ܠܥܠܡ.			
http://syriaca.org/work/1158	Constantine the Emperor (text)	ܩܘܣܛܢܛܝܢܘܣ	ܝܫܘܥ ܕܐܝܬܘܗܝ ܢܘܗܪܐ ܪܒܐ ܠܕܚܐܪ ܒܗ: ܕܢܚ ܒܝ ܘܐܢܗܪ ܘܐܬܢܐ ܫܪܒܟ ܢܗܝܪܐܝܬ.	ܩܒܠ ܐܢܝܢ ܠܟܬܝܒ̈ܬܐ ܩܘܣܛܢܛܝܢܘܣ: ܘܩܪܐ ܐܢܝܢ ܘܚܕܝ ܘܐܬܦܨܚ ܘܙܡܪ ܫܘܒܚܐ ܘܣܡ ܗܘܐ ܐܦܘ̈ܗܝ ܕܢܐܚܘܕ ܕܐܪܐ ܥܡ ܣܛܢܐ: ܘܠܗܪ̈ܣܝܣ ܢܣܚܘܦ ܢܦܩ ܡܢ ܥܕ̈ܬܐ. ܘܗ ܡܢ ܗܝܕܝܢ ܫܪܝ ܢܨܚ ܒܐܬܠܝܛܘܬܐ: ܨܠܘܬܗ ܬܗܘܐ ܫܘܪܐ ܕܪ̈ܚܡܐ ܠܟܠܗ ܟܢܫܢ.			
http://syriaca.org/work/1159	Sergius and Bacchus (text)	ܣܪܓܝܣ ܘܒܟܘܣ					
http://syriaca.org/work/1246	The Children of Ephesus (text)		ܒܪ ܐܠܗܐ ܕܦܬܝܚ ܬܪܥܗ ܠܕܩܿܪܐ ܠܗ. ܦܬܘܚ ܠܝ ܬܪܥܟ ܕܐܡܪ ܫܪܒܐ ܕܒ̈ܢܝ ܢܘܗܪܐ.	ܒܪܝܟ ܗܘ ܡܪܝܐ ܕܓܒܐ ܠܥܪ̈ܒܘܗܝ ܡܢ ܓܘ ܥ̈ܢܗ. ܘܐܘܪܬ ܐܢܘܢ ܓܢܘܢܐ ܕܚܝ̈ܐ ܒܝܬ ܡܠܟܘܬܐ. ܘܠܗ ܬܫܒܘܚܬܐ ܘܥܠܝܢ ܪ̈ܚܡܘܗܝ ܒܟܠ ܥܕܢܝܢ.			
http://syriaca.org/work/1294	Simeon the Stylite (text)	ܫܡܥܘܢ ܕܐܣܛܘܢܗ	ܗܒ ܠܝ ܡܪܢ ܐܨܘܪ ܨܠܡܐ ܕܡܠܐ ܫܘܦܪ̈ܐ: ܠܫܡܥܘܢ ܓܒܝܐ ܕܪܡܝܢ ܫܘܦܪ̈ܘܗܝ ܡܢ ܠܫܢܐ܀	ܠܐܒܐ ܘܠܒܪܐ ܘܠܪܘܚܩܘܕܫܐ ܗܿܘ ܕܪܚܡܬܝܗܝ . ܢܣܩ ܫܘܒܚܐ ܒܝܘܡ ܥܕܥܐܕܟ ܨܠܘܬܟ ܥܡܢ.			
http://syriaca.org/work/1360	Mary, Mother of God (text)	ܡܪܝܡ ܝܠܕܬ ܐܠܗܐ	ܒܪ ܐܠܗܐ ܪܡ ܗܘ ܡܐܡܪܟ ܡܢ ܡ̈ܠܠܐ. ܐܢܬ ܡܠܠ ܒܝ ܠܡܡܠܠܘ ܥܠ ܓܠܝܢܟ.	ܘܙܥܘ ܐܣܛܘ̈ܟܣܐ ܘܗܘܘ ܣܗ̈ܕܐ ܘܩܥܝܢ ܕܙܩܝܦ ܕܒܐܝܕ̈ܘܗܝ ܩܐܡ ܥܠܡܐ ܕܢܐܕ ܒܙܩܝܦܘܬܗ.			
http://syriaca.org/work/1393	Mary Mother of God (text)	ܡܪܝܡ ܝܠܕܬ ܐܠܗܐ	ܒܪ ܐܠܗܐ ܒܪܗܿ ܕܒܬܘܠܬܐ ܕܗܘܐ ܐܢܫܐ. ܘܠܒܫ ܦܓܪܐ ܡܢ ܒܪܐ ܕܘܝܕ ܘܒܗ ܗܘ ܦܪܩ ܠܢ.	ܘܢܘܕܐ ܠܪܘܚܐ ܕܕܟܝ ܘܡܪܩܗܿ ܘܟܢ ܕܝܪ ܒܗܿ. ܘܥܒܕܗܿ ܢܘܣܐ ܐܘܟܝܬ ܡܥܡܪܐ ܠܐܠܗܘܬܐ. ܘܥܠܝܢ ܪ̈ܚܡܐ ܒܨܠܘ̈ܬܗܿ ܐܡܝܢ ܘܐܡܝܢ.			
http://syriaca.org/work/1398	The Finding of the Cross by Helen (text)			ܐܫܘܐ ܠܥܕܬܟ ܠܨܠܝܒ ܚܝ̈ܐ ܕܒܗ ܐܬܦܪܩܬ. ܒܗܢܐ ܚܓܐ ܕܒܗ ܐܬܟܢܫܢܢ ܠܨܠܝܒܘܬܟ. ܢܗܘܘܢ ܪ̈ܚܡܝܟ ܥܠ ܡܪܥܝܬܟ ܘܠܟ ܬܫܒܘܚܬܐ.			
http://syriaca.org/work/1422	The Martyrs (text)		ܣܗ̈ܕܐ ܩ̈ܛܝܠܐ ܥܒܕܘ ܡܫܬܘܬܐ ܪܒܬܐ ܕܕܡܐ̣. ܘܬܒܥܘܢܝ ܕܐܡܪ ܢܨܚ̈ܢܝܗܘܢ ܒ̈ܟܠܝܠܝܗܘܢ.	ܒܥܠܡܐ ܪܒܐ ܡܒܪܩ ܫܘܦܪܐ ܕܟ̈ܠܝܠܝܗܘܢ ܒܪܝܟ ܗܘ ܚܝܠܐ ܕܚܝܠ ܐܢܘܢ ܒܐܓܘ̈ܢܝܗܘܢ.			
http://syriaca.org/work/1434	The Martyrs (variant) (text)						
http://syriaca.org/work/1435	Gabriel of Qartmin (text)	ܓܒܪܐܝܠ		... ܒܗܢ ܡܐܡܪܘܢܐ ܘܟܠܢ ܢܣܩ ܫܘܒܚܐ ܠܡܪܝܐ ܡܫܝܚܐ ܕܓܒܟ ܘܠܐܒܘܗܝ ܘܪܘܚܗ ܒܟܠ ܥܕܢ̈ܝܢ ܐܡܝܢ ܘܐܡܝܢ			
http://syriaca.org/work/1451	Jonah the Anchorite (text)	ܝܘܢܢ	ܗܒ ܠܝ ܡܪܢ ܡܠܬܐ ܕܡܠܝܐ ܟܠ ܝܘܬܪ̈ܢܝܢ: ܕܐܦܩ ܟܠܝܘܡ ܟܠ ܝܘܬܪ̈ܢܐ ܡܢ ܒܝܬ ܓܙܟ.	ܦܬܚ ܒܚܢܢܗ ܬܪܥܐ ܪܒܐ ܠܬܝܒܘܬܐ: ܒܪܝܟ ܗܘ ܕܡܠܐ ܪ̈ܚܡܐ ܘܚܐܢ ܠܕܩܪܝܢ ܠܗ.			
http://syriaca.org/work/1463	Holy Innocents (text)	ܘܩܛܠܐ ܕܝܠܘ̈ܕܐ	ܗܝܕܝܢ ܥܝܪܐ ܠܝܘܣܦ ܐܡܪ ܒܬܪ ܗܠܝܢ: ܕܩܘܡ ܠܟ ܘܫܩܘܠ ܠܛܠܝܐ ܘܠܐܡܗ ܘܫܢܐ ܠܡܨܪܝܢ.	ܚܬܘܡ ܒܨܠܝܒܟ ܠܗܿ ܘܠܝܠܕ̈ܝܗܿ ܕܚܬܝܪܐ ܒܟ ܘܢܡܛܝܢܝ ܐܦ ܠܝ ܗܘܦܐ ܕܪܚܡܐ ܘܐܬܚܣܐ ܒܗ.			
http://syriaca.org/work/1467	Julian Saba (text)	ܝܘܠܝܢܐ ܣܒܐ	ܣܒܐ ܙܗܝܐ ܡܠܐ ܢܨܚ̈ܢܐ ܕܓܢܒܪܘܬܐ ܬܒܥܢܝ ܡܐܡܪܐ ܡܠܠ ܒܝ ܡܪܝ ܡܛܠܬܗ.	ܪܡܝܢ ܫܘܦܪ̈ܘܗܝ ܘܦܐܐ ܟܠܝܠܗ ܘܪܒ ܢܨܚܢܗ ܒܪܝܟ ܗܘ ܕܝܗܒ ܠܗ ܫܘܒܚܐ ܘܫܡܐ ܥܡ ܩܕܝܫܐ.			
http://syriaca.org/work/1517	Thomas, the Apostle (variant) (text)	ܬܐܘܡܐ					
http://syriaca.org/work/1518	Mary Mother of God (variant) (text)	ܡܪܝܡ ܝܠܕܬ ܐܠܗܐ					
http://syriaca.org/work/1519	John the Baptist (variation) (text)	ܝܘܚܢܢ ܡܥܡܕܢܐ					
http://syriaca.org/work/1529	Mary, the Mother of God (Annunciation) (text)	ܡܪܝܡ ܝܠܕܬ ܐܠܗܐ	ܝܡܐ ܕܪ̈ܚܡܐ ܕܡܢܟ ܪܕܐ ܫܩܝܐ ܕܚܝ̈ܐ.				
http://syriaca.org/work/1530	Moses and Holy Innocents (text)	ܡܘܫܐ ܘܩܛܠܐ ܕܝܠܘ̈ܕܐ	ܒܪܐ ܕܝܗܒ ܩܠܐ ܠܡܣܒܪ̈ܢܐ ܕܐܟܪܙܘ ܩܘܕܡܘܗܝ.				
http://syriaca.org/work/1531	Addai and Abgar (text)	ܐܕܝ ܘܐܒܓܪ	ܒܪ ܐܠܗܐ ܕܝܗܒ ܠܫܠܝܚ̈ܘܗܝ ܟܪܘܙܘܬܗ.				
http://syriaca.org/work/1621	Jonah (text)	ܝܘܢܢ	ܥܒܕܐ ܪܚܝܡܐ ܥܒܕܬ ܢܝܢܘܐ.				
http://syriaca.org/work/1622	The Cross (text)		ܪܥܝܐ ܛܒܐ ܕܒܬܪ ܥܪܒܐ ܕܐܒܕ ܐܬܐ...				
http://syriaca.org/work/1623	Dometius (text)		ܛܒܐ ܕܨܒܐ ܕܢܘܪܒ ܥܒ̈ܕܘܗܝ ܡܛܠ ܚܘܒܗ.				
http://syriaca.org/work/1640	Ananias (text)		ܩܒܠܬ ܦܝܣܐ ܕܦܪܘܫܘܬܟ ܐܘ ܢܨܝܚ ܒܡܗ̈ܝܡܢܐ ܪܒܐ ܕܐܠܗܐ ܦܝܠܘܬܐܘܣ. ܘܐܬܒܛܠ ܠܝ ܕܗܠܝܢ ܕܡܢܟ ܐܫܬܠܚ ܠܝ ܟܕ ܚܕܐ ܐܢܐ ܕܠܝܠܐܝܬ ܐܣܥܘܪ ܐܢ ܡܪܝܐ ܡܦܣ ܠܝ.	ܦܛܪ ܕܝܢ ܩܕܝܫܐ ܡܢ ܥܠܡܐ ܘܫܢܝ ܠܘܬ ܡܪܗ ܒܫܠܡܐ ܒܬܡܢܬܥܣܪ̈ ܒܐܝܪܚ ܐܕܪ ܕܫܢܬ ܬܡܢܡ̈ܐܐ ܘܚܕܥܣܪ̈ܐ. ܕܢܗܘܐ ܢܛܝܪ ܕܘܟܪܢܗ ܠܫܘܒܚܗ ܕܝܫܘܥ ܡܟܠܠܢܐ ܕܟܠܗܘܢ ܩܕ̈ܝܫܐ. ܕܠܗ... ܐܡܝܢ.			
http://syriaca.org/work/1740	Mary Mother of God (text)	ܡܪܝܡ ܝܠܕܬ ܐܠܗܐ	ܠܝ ܐܠܗܐ ܪܡ ܗܘ ܡܐܡܪܟ ܡܢ ܡ̈ܠܠܐ. ܐܢܬ ܡܠܠ ܒܝ ܠܡܡܠܠܠܘ ܥܠ ܓܠܝܢܟ.	ܘܙܥܘ ܐܣܛܘ̈ܟܣܐ ܘܗܘܘ ܣܗ̈ܕܐ ܘܩܥܝܢ ܕܙܩܝܦ ܕܒܐܝ̈ܕܘܗܝ ܩܐܡ ܥܠܡܐ ܕܢܐܕ ܒܙܩܝܦܬܗ.			
http://syriaca.org/work/1743	Job (text)	ܐܝܘܒ	ܩܪܒܐ ܥܒܕ ܙܟܘܬܐ: ܘܕܪܐ ܗܘ ܥܠܬܗ ܕܟܠܝܠܐ. ܘܡܢ ܐܓܘܢܐ ܡܬܝܕܥܐ: ܐܬܠܝܛܘܬܐ ܕܚܠܝ̈ܨܐ.	ܠܐ ܢܦܘܩ ܛܒܐ ܒܐܪܥܐ: ܕܚܕ ܚܠܫܐ ܙܟܐ ܠܓܒܢ. ܒܚܝܨܘܬܐ ܐܩܪܒܘ ܥܡܗ: ܘܗܐ ܢܦܠ ܒܥܓܠ ܩܘܕܡܝܟܘܢ.			
http://syriaca.org/work/1744	Job (text)	ܐܝܘܒ	ܡܠܟܐ ܕܥܘܠܐ ܫܕܪ ܟܢܫ ܚܝ̈ܠܘܬܗ: ܕܥܡ ܙܕܝܩܐ ܩܪܒܐ ܢܥܒܕ ܚܣܝܢܐܝܬ.	ܢܨܚ ܙܕܝܩܐ ܘܚܒ ܣܛܢܐ ܒܓܘ ܐܓܘܢܐ: ܒܪܝܟ ܗܘ ܕܝܗܒ ܠܗ ܟܠܝܠ ܙܟܘܬܐ ܡܢ ܚܘܡܣܢܗ.			
http://syriaca.org/work/1745	Hosea (text)	ܗܘܫܥ	ܪܥܡܐ ܕܩ̈ܠܐ ܕܝܗܒ ܟܢܪܐ ܠܢܒܝܘܬܐ: ܐܢܬ ܡܠܠ ܒܝ ܫܘܒܚܐ ܒܩܠܐ ܥܬܝܪܐܝܬ.	ܡܢ ܙܢܝܬܐ ܘܡܢ ܓܝܪܬܐ ܨܠܝܒ ܦܪܘܩܐ: ܒܪܝܟ ܕܒܗܘܫܥ ܨܪ ܠܗܿ ܨܠܡܐ ܠܡܠܝܬ ܡܘ̈ܡܐ.			
http://syriaca.org/work/1783	Holy Innocents (text)						
http://syriaca.org/work/1784	Martyrs of Sebaste (text)						
http://syriaca.org/work/1785	The Apostle Peter (text)						
http://syriaca.org/work/1813	Abgar (text)	ܐܒܓܪ	ܝܫܘܥ ܢܗܪܐ ܕܠܛܠܠܐ ܒܕܢܚܗ ܐܥܪܩ...				
http://syriaca.org/work/1816	Macarius, Maximus, Dometius, and John the Short (text)		ܐܒܐ ܘܒܪܐ ܘܪܘܚܐ ܕܩܘܕܫܐ ܦܬܚ ܠܝ ܣܦ̈ܘܬܝ...				
http://syriaca.org/work/1819	George (text)	ܓܝܘܪܓܝܣ	ܘܦܢܝ ܠܡܠܟܐ ܥܠ ܡܐ ܕܡܢܗ ܡܫܬܐܠ ܗܘܐ...				
http://syriaca.org/work/1820	Laurent, Agrippa, and their Companions (text)		ܡܠܟܐ ܕܚܝ̈ܐ ܕܩܛܠܗ ܐܢܝܚ ܠܟܠ ܡܝ̈ܘܬܐ...				
http://syriaca.org/work/1833	Behnam and his Companions (text)						
http://syriaca.org/work/1853	The Cross (text)		ܒܚܕ ܡܢ ܝܘܡܝ̈ܢ ܒܛܘܪ̈ܝ ܝܒܘܣ...				
http://syriaca.org/work/1857	The Thief and the Cherubim (text)		ܐܥܬܪ ܡܠܬܝ ܡܢ ܡܘܗܒܬܟ ܝܠܕܐ ܟܣܝܐ ܘܐܥܝܪ ܟܢܪܝ ܠܡܡܠܠܘ ܥܠ ܦܘܪܩܢܟ.	ܡܫܝܚܐ ܕܐܬܐ ܘܫܝܢ ܒܕܡܗ ܪܘܡܐ ܘܥܘܡܩܐ ܫܝܢ ܥܕܬܟ ܕܒܐܪ̈ܒܥ ܦܢ̈ܝܢ ܕܡܝܬܬ ܥܠ ܐܦ̈ܝܗܿ.			
http://syriaca.org/work/1859	Simeon the Stylite (text)						
http://syriaca.org/work/1865	Theodore (text)						
http://syriaca.org/work/1869	Finding of the Cross (text)						
http://syriaca.org/work/1906	The Cross (text)		ܨܠܝܒܐ ܕܚܘܝ ܚܝ̈ܠܐ ܬܡܝ̈ܗܐ ܠܒܢ̈ܝܢܫܐ. ܗܒܠܝ ܚܝܠܐ ܕܐܡܪ ܫܪܒܟ ܐܝܟ ܕܡܨܐ ܐܢܐ.	ܝܚܝܕܝܐ ܕܕܒܚ ܢܦܫܗ ܚܠܦ ܚܛ̈ܝܐ ܒܪܝܟ ܗܘ ܝܠܕܟ ܘܒܪܝܟ ܕܢܚܟ ܒܪܝܟ ܢܘܚܡܟ.			
http://syriaca.org/work/2017	Paul, the Apostle (text)	ܦܘܠܘܣ					
http://syriaca.org/work/2018	The Children of Ephesus (text)						
http://syriaca.org/work/2022	The Cross (text)						
http://syriaca.org/work/2023	Saints (text)						
http://syriaca.org/work/2024	George (text)						
http://syriaca.org/work/2025	Maccabees and Shmoni (text)						
http://syriaca.org/work/2026	George (text)	ܓܝܘܪܓܝܣ	ܡܠܟܐ ܚܢܦܐ ܚܕ ܐܝܬ ܗܘܐ...				
http://syriaca.org/work/2028	Mary Mother of God (text)		ܐܬܐ ܨܝܕ ܡܪܝܡ ܟܕ ܠܐ ܐܪܚܩ ܡܢ ܝܠܘܕܗ...				
http://syriaca.org/work/2039	Steven (text)	ܣܛܦܢܘܣ	ܥܠ ܫܡܘܥ̈ܐ...				
http://syriaca.org/work/227	Guria and Shmona (text)	ܓܘܪܝܐ ܘܫܡܘܢܐ	ܫܡܘܢܐ ܘܓܘܪܝܐ ܣܗ̈ܕܐ ܕܢܨܚܘ ܒܐܘ̈ܠܨܢܝܗܘܢ: ܒܚܘܒܐ ܬܒܥܘܢܝ ܠܡܡܠܠܘ ܢܨܚܢ̈ܝܗܘܢ܀	ܒܗܠܝܢ ܣܗ̈ܕܐ ܕܗܪܟܐ ܩܘܫܬܐ ܗܐ ܡܬܡܠܠ: ܒܪܝܟ ܗ̣ܘ ܕܝܗ̣ܒ ܠܢ ܣܝܡܬ ܓܙ̈ܐ ܕܟܠܝ̈ܠܝܗܘܢ.			
http://syriaca.org/work/229	Ḥabib (text)	ܚܒܝܒ	ܚܒܝܒ ܣܗܕܐ ܠܒܝܫ ܓܘܙܠܬܐ ܩܪܢܝ ܡܢ ܢܘܪܐ: ܕܐܦ ܠܗ ܐܨܘܪ ܨܠܡܐ ܕܫܘܦܪ̈ܐ ܥܡ ܢܨܝ̈ܚܐ܀	ܘܒܝܩܕܢܗ ܐܬܕܟܝ ܗܘ̣ܐ ܐܬܪܐ ܟܠܗ: ܒܪܝܟ ܗ̣ܘ ܕܝܗ̣ܒ ܠܗ ܟܠܝܠܐ ܘܫܘܒܚܐ ܘܫܡܐ ܛܒܐ.			
http://syriaca.org/work/316	Ephrem (text)	ܐܦܪܝܡ	ܐܝܟܢ ܐܩܪܘܒ ܨܝܕ ܢܨܚܢܟ ܐܘ ܫܦܝܪܐ: ܘܒܐܝܠܝܢ ܩ̈ܠܐ ܐܙܡܪ ܫܪܒܟ ܡܪܐ ܫܘܦܪܐ܀	ܟܕ ܡܘܓܐ ܗܘ̣ܐ ܕܐܒܐ ܒܩܠܘ̈ܗܝ ܪ̈ܘܚܢܝܐ: ܡܢ ܡܪܥܝܬܐ ܦܪܝܩܬ ܒܕܡܗ ܕܒܪ ܐܠܗܐ.			
http://syriaca.org/work/352	Simeon the Stylite (text)	ܫܡܥܘܢ ܕܐܣܛܘܢܗ	ܗܒ ܠܝ ܡܪܢ ܕܐܨܘܪ ܨܠܡܐ ܕܡܠܐ ܫܘܦܪܐ: ܠܫܡܥܘܢ ܓܒܝܐ ܕܪܡܝܢ ܫܘܦܪ̈ܘܗܝ ܡܢ ܠܫܢܐ܀	ܒܪܐ ܕܐܠܗܐ ܗܘܿ ܕܐܚܒܬܝܗܝ ܡܢ ܛܠܝܘܬܟ: ܢܫܘܝܢ ܒܪ̈ܚܡܘܗܝ ܕܒܨ̈ܠܘܬܟ ܢܫܟܚ ܪ̈ܚܡܐ.			
http://syriaca.org/work/401	Sergius and Bacchus (text)	ܣܪܓܝܣ ܘܒܟܘܣ	ܒܪܐ ܕܒܩܛܠܗ ܝܗܒ ܠܩܛܝ̈ܠܐ ܢܨܚܢܝ̈ܗܘܢ: ܗܒ ܠܝ ܕܐܡܪ ܩܘܠܣܝ̈ܗܘܢ ܒܚܠܘܠܝ̈ܗܘܢ.	ܫܦܝܪ ܚܘܒܗ ܘܛܒ ܨܒܝܢܗ ܘܦܐܐ ܣܒܪܗ: ܒܪܝܟ ܗܘ ܕܟܠܠ ܘܐܘܪܒ ܠܥܒܕܘ̈ܗܝ ܒܐܓܘܢܝ̈ܗܘܢ.			
http://syriaca.org/work/402	The Martyrs of Sebaste (text)		ܒܪ ܐܠܗܐ ܕܕܪܫ ܐܘܪܚܐ ܠܒܝܬ ܡܠܟܘܬܐ: ܕܪܘܫ ܠܗܿ ܠܡܠܬܝ ܐܘܪܚܐ ܕܚܝ̈ܐ ܕܬܗܠܟ ܒܗܿ.	ܕܝܠܢ ܐܢܘܢ ܐܪܒܥܝܢ ܝܘ̈ܡܝܢ ܘܐܪܒܥܝܢ ܣܗ̈ܕܐ: ܘܠܡܫܟܢܢܐ ܕܐܪܒܥܝܢ ܒܐܪܒܥܝܢ ܠܗ ܬܫܒܘܚܬܐ.			
http://syriaca.org/work/939	Aaron (text)	ܐܗܪܘܢ	ܡܢ ܫܘܪܝܐ ܟܕ ܒܪܐ ܠܗ ܡܪܝܐ ܠܐܕܡ: ܟܗܢܐ ܥܒܕܗ ܕܢܗܘܐ ܩܐܿܡ ܥܠ ܬܫܡܫܬܗ.	ܡܪܝܐ ܕܐܬܐ ܘܫܝܢ ܒܕܡܗ ܪܘܡܐ ܘܥܘܡܩܐ: ܫܝܢ ܠܥܕܬܟ ܕܡܝܬܬ ܥܠ ܐܦܝ̈ܗܿ ܘܠܟ ܬܫܒܘܚܬܐ.			
http://syriaca.org/work/940	Magi and Holy Innocents (text)	ܡܓܘ̈ܫܐ ܘܩܛܠܐ	ܕܢܚܐ ܪܒܐ ܕܡܠܐ ܥܠܡܐ ܡܢ ܙܠܝܩܘ̈ܗܝ: ܐܕܢܚ ܢܘܗܪܟ ܥܠ ܚܘ̈ܫܒܝ ܐܡܪ ܫܪܒܟ.	ܚܬܘܡ ܒܨܠܝܒܟ ܠܗܿ ܘܠܝܠܕ̈ܝܗܿ ܕܚܬܝܪܐ ܒܟ: ܘܢܡܛܝܢܝ ܐܦ ܠܝ ܗܘܦܐ ܕܪ̈ܚܡܐ ܘܐܬܚܣܐ ܒܗ.			
http://syriaca.org/work/941	Peter the Apostle (text)	ܫܡܥܘܢ	ܐܒܐ ܪܚܡܢܐ ܕܦܪܩܢ ܒܕܡܗ ܕܝܚܝܕܝܗ: ܡܢܟ ܐܣܒ ܚܝܠܐ ܠܡܐܡܪܗ ܕܝܚܝܕܝܟ.	ܫܠܛܗܿ ܠܚܐܪܬܐ ܕܬܚܬܘܡ ܓܙ̈ܐ ܘܬܫܪܐ ܛܒ̈ܥܐ: ܒܪܝܟ ܥܬܝܪܐ ܕܒܡܐܬܝܬܗ ܥܬܪܘ ܡܣܟܢ̈ܐ.			
http://syriaca.org/work/942	Peter the Apostle (text)	ܫܡܥܘܢ ܟܐܦܐ	ܒܟܠܗܘܢ ܡܐܡܪ̈ܝ ܠܟ ܩܪܐ ܐܢܐ ܒܪܐ ܫܪܝܪܐ: ܟܠܗܝܢ ܡܠܝ̈ ܒܟ ܢܬܝܗ̈ܒܢ ܫܘܒܚܐ ܠܐܒܘܟ.	ܬܪܨ ܦܪܨܘܦܗ ܠܘܩܒܠ ܚܫ̈ܐ ܕܠܐ ܕܘܘܕܐ: ܒܪܝܟ ܕܒܡܘܬܗ ܐܚܝ ܠܟܠܗܘܢ ܫܟܝܒ̈ܝܗܿ ܕܫܝܘܠ.			
http://syriaca.org/work/943	Peter the Apostle (text)	ܫܡܥܘܢ ܟܐܦܐ	ܒܫܥܬܐ ܕܕܝܢܟ ܐܨܕ ܪܥܝܢܝ ܒܪ ܐܠܗܐ: ܦܩܘܕ ܠܝ ܐܡܪ ܥܠ ܡܘܟܟܟ ܟܕ ܚܐܿܫ ܐܢܐ.	ܬܪܥܗ ܕܒܪܐ ܦܬܝܚ ܗܘ ܒܪ̈ܚܡܐ ܠܕܒܥܿܐ ܠܗ: ܒܪܝܟ ܕܩܪܐ ܠܢ ܠܬܝܒܘܬܐ ܕܢܬܚܣܐ ܒܗܿ.			
http://syriaca.org/work/944	Zachariah (text)	ܙܟܪܝܐ		ܐܫܬܝܢܘ ܒܗ ܡܪܒܥܐ ܥܩܪܐ ܘܦܘܡܐ ܚܪܫܐ: ܘܐܬܪܐ ܚܘܪܒܐ ܒܪܝܟ ܗܘ ܕܓܒܝܗܝ ܘܐܣܓܝ ܫܘܦܪ̈ܘܗܝ.			
http://syriaca.org/work/945	Mary Magdalene (text)	ܡܪܝܡ ܡܓܕܠܝܬܐ	ܠܫܘܒܩܢܟ ܡܪܝ ܡܬܝܐܒ ܐܢܐ ܕܢܐܬܐ ܨܐܕܝ: ܗܒ ܠܝ ܕܡ̈ܥܐ ܕܐܒܥܐ ܪ̈ܚܡܐ ܥܕ ܐܝܬ ܐܬܪܐ.	ܦܬܝܚ ܗܘ ܬܪܥܗ ܘܫܦܝܥ ܚܘܒܗ ܨܝܕ ܬܝܒ̈ܐ: ܒܪܝܟ ܚܢܢܐ ܕܫܪܒܐ ܕܪ̈ܚܘܡܗܝ ܠܐ ܡܣܬܝܟ.			
http://syriaca.org/work/946	The Good Thief (text)	ܓܝܣܐ ܕܡܢ ܝܡܝܢܐ	ܝܡܐ ܕܪ̈ܚܡܐ ܕܐܓܝܚ ܫܦܥܘ̈ܗܝ ܥܠ ܓܝܣܐ: ܗܒ ܠܝ ܕܐܣܚܐ ܒܝܢܬ ܓܠ̈ܠܐ ܕܡܡܘܠ ܫܪܒܟ.	ܘܐܦ ܠܝ ܝܫܘܥ ܕܗܘܝܬ ܦܘܡܐ ܠܩܠ ܬܘܕܝܬܟ: ܐܬܕܟܪܝܢܝ ܡܪܝ ܒܝܬ ܡܠܟܘܬܟ ܕܐܙܡܪ ܫܘܒܚܟ.			
http://syriaca.org/work/947	Confessors and Martyrs (text)		ܚܝܠܐ ܕܢܚܬ ܥܡ ܐܬܠܝ̈ܛܐ ܒܐܓܘܢܝ̈ܗܘܢ: ܒܟ ܐܬܚܝܠ ܘܐܬܢܐ ܫܘܦܪܐ ܕܢܨܚܢܝ̈ܗܘܢ.	ܡܝܬܘ ܥܠ ܣܒܪܐ ܘܗܘܘ ܣܗ̈ܕܐ ܕܐܝܬ ܢܘܚܡܐ: ܒܪܝܟ ܗܘ ܙܩܝܦܐ ܕܟܠܠ ܣܗ̈ܕܐ ܒܐܓܘܢܝ̈ܗܘܢ.			
http://syriaca.org/work/948	Thomas the Apostle (text)	ܬܐܘܡܐ	ܟܕ ܩܡ ܪܥܝܐ ܡܢ ܒܝܬ ܡܝ̈ܬܐ ܒܚܝܠܐ ܪܒܐ: ܒܐܬܐ ܕܬܗܪܐ ܣܥܪ ܠܫܠܝܚ̈ܐ ܢܫܪܪ ܐܢܘܢ.	ܟܠܗܝܢ ܕܒܪܐ ܪܡܢ ܐܢܝܢ ܡܢ ܦܘܫܩܐ: ܒܪܝܟ ܗܘ ܣܓܝܕܐ ܕܐܠܐ ܒܚܘܒܐ ܠܐ ܡܬܡܠܠ.			
http://syriaca.org/work/949	John the Evangelist (text)	ܝܘܚܢܢ ܐܘܢܓܠܣܛܐ	ܒܚܘܒܟ ܡܪܢ ܐܙܝܥ ܡܢܝ̈ ܡܠܠܬ̈ܐ: ܐܙܡܪ ܫܘܦܪܗ ܕܚܕ ܬܠܡܝܕܐ ܡܠܐ ܢܨܚܢ̈ܐ.	ܡܥܦܩ ܢܘܪܐ ܘܓܢܐ ܒܚܕܝܐ ܕܫܠܗܒܝܬܐ: ܒܪܝܟ ܗܘ ܕܪܚܡܗ ܘܐܣܓܝ ܛܘܒܗ ܒܟܢܫܐ ܕܐܚܘ̈ܗܝ.			
http://syriaca.org/work/950	Peter the Apostle (text)	ܦܘܠܘܣ	ܡܟܝܟܘܬܗ ܕܝܫܘܥ ܨܕܬ ܠܐܪܥܐ ܟܠܗܿ: ܘܕܠܐ ܩܛܝܪܐ ܢܓܕܗ ܠܥܠܡܐ ܒܟܪܘܙܘܬܗ.	ܐܫܠܐ ܡܕܝܢ ܡܢ ܩܘܠܣܘܗ̈ܝ ܟܕ ܬܗܪ ܐܢܐ: ܒܪܝܟ ܗܘ ܕܓܒܝܗܝ ܠܫܠܝܚܘܬܐ ܕܫܘܿܐ ܗܘܐ ܠܗܿ.			
http://syriaca.org/work/951	Paul the Apostle (text)	ܦܘܠܘܣ	ܠܫܪܒܗ ܕܦܘܠܘܣ ܠܐ ܡܠܠܬܗ ܐܝܟ ܕܦܐܐ ܠܗ: ܐܦܠܐ ܡܕܡ ܐܡܪܬ ܡܢܗ ܟܕ ܐܡܪ ܗܘܝܬ.	ܫܦܝܪ ܡܕܝܢ ܡܐܢܐ ܓܒܝܐ ܩܪܝܗܝ ܝܕܘܥܐ: ܒܪܝܟ ܕܢܛܪ ܠܗ ܟܠܝܠ ܙܟܘܬܐ ܕܫܘܿܐ ܗܘܐ ܠܗ.			
http://syriaca.org/work/952	John the Baptist (text)	ܝܘܚܢܢ ܡܥܡܕܢܐ	ܡܪܝ ܐܦܩ ܠܝ ܥܘܬܪ̈ܐ ܟܣܝ̈ܐ ܡܢ ܒܝܬ ܓܙܟ: ܐܬܠ ܐܢܘܢ ܠܐܝܢܐ ܕܣܢܝܩ ܥܠ ܡܘܗܒܬܟ.	ܕܕܪܒ ܡܢܗ ܐܚܪܢܐ ܠܐ ܐܝܬ ܒܟܠ ܝܠܝ̈ܕܐ: ܒܪܝܟ ܗܘ ܡܠܬܐ ܕܥܒܕܗ ܩܠܐ ܘܫܕܪܗ ܩܘܕܡܘܗܝ.			
http://syriaca.org/work/953	John the Baptist (text)	ܝܘܚܢܢ ܡܥܡܕܢܐ	ܝܫܘܥ ܢܘܗܪܐ ܕܠܟܠ ܣܘ̈ܦܝܢ ܕܢܚܗ ܐܦܨܚ: ܕܢܚ ܒܝ ܐܢܗܪ ܘܐܡܠܠ ܠܟ ܦܪܘܫܐܝܬ.	ܕܟܠܗܘܢ ܫܘܦܪ̈ܐ ܕܟ̈ܢܘܬܗ ܐܚܝܢܐ ܘܐܚܐ: ܘܐܝܬ ܠܗ ܐܚܪܬܐ ܕܐܥܡܕ ܡܪܗ ܒܪܝܟ ܗܘ ܕܓܒܝܗܝ.			
http://syriaca.org/work/954	Stephen (text)	ܣܛܦܢܘܣ		ܗܘܐ ܩܕܡܝܐ ܒܐܘܪܚܐ ܕܕܡܐ ܡܠܝܬ ܚܫ̈ܐ: ܒܪܝܟ ܗܘ ܕܝܗܒ ܠܗ ܟܠܝܠ ܙܟܘܬܐ ܠܣܗܕܐ ܓܒܝܐ.			
http://syriaca.org/work/955	Thomas the Apostle (text)	ܬܐܘܡܐ	ܒܪܐ ܕܐܙܕܒܢ ܘܐܬܚܪܪ ܒܗ ܓܢܣܐ ܕܐܢܫܐ: ܗܒ ܠܝ ܕܐܡܪ ܥܠ ܬܠܡܝܕܐ ܡܙܒܢܐ ܕܡܢܟ.	ܠܟ ܢܫܬܥܒܕ ܪܘܡܐ ܘܥܘܡܩܐ ܘܟܠ ܕܐܝܬ ܒܗܘܢ: ܕܐܢܬ ܗܘ ܒܘܟܪܗܿ ܕܐܠܗܘܬܐ ܒܪܝܟ ܫܠܚܟ.			
http://syriaca.org/work/956	Thomas the Apostle (text)	ܬܐܘܡܐ	ܡܪܝܐ ܡܪܢ ܗܒ ܠܝ ܡܠܬܐ ܕܡܠܝܐ ܢܘܗܪܐ: ܘܦܬܚ ܣܦ̈ܘܬܝ ܠܡܡܠܠܘ ܒܚܘܒܐ ܫܪܒܟ.	ܠܗܘܿ ܨܒܝܢܐ ܕܝܗܒ ܢܨܚܢܐ ܠܬܐܘܡܐ ܫܠܝܚܐ: ܠܗ ܬܫܒܘܚܬܐ ܒܟܠ ܥܕܢ̈ܝܢ ܐܡܝܢ ܘܐܡܝܢ.			
http://syriaca.org/work/957	The Solitaries (text)	ܝܚܝ̈ܕܝܐ	ܒܡܠܦܢܘܬܗ ܕܒܪ ܐܠܗܐ ܢܗܪ ܒܪ̈ܝܬܐ: ܕܢܚܙܐ ܥܠܡܐ ܐܘܪܚܐ ܕܚܝ̈ܐ ܘܢܗܠܟ ܒܗܿ.	ܒܗܠܝܢ ܬܠܝܐ ܢܦܫܐ ܒܣܒܪܐ ܕܬܩܢܐ ܐܢܘܢ: ܒܪܝܟ ܗܘ ܕܐܝܬ ܠܗ ܛܘ̈ܒܐ ܕܢܘܪܬ ܠܕܪܚܡ ܠܗ.			
http://syriaca.org/work/958	The Solitaries (text)	ܝܚܝ̈ܕܝܐ	ܪܡܐ ܡܫܘܚܬܐ ܕܝܚܝ̈ܕܝܐ ܡܢ ܟܠ ܬܓܡ̈ܝܢ: ܕܥܡܗܘܢ ܐܡܝܢ ܣܕܪ ܒܝܫܐ ܟܠ ܬܟܬܘ̈ܫܝܢ.	ܒܪܝܟ ܗܘ ܕܡܘܪܒ ܒܝܕ ܡܘܗܒܬܗ ܘܠܕܠܐ ܫܘܿܝܢ: ܕܒܗܕܐ ܗܘ ܢܫܬܒܚ ܠܗ ܠܗ ܬܫܒܘܚܬܐ.			
http://syriaca.org/work/959	George (text)	ܓܝܘܪܓܝܣ	ܛܒܐ ܕܨܒܐ ܕܢܘܪܒ ܥܒܕܘ̈ܗܝ ܡܛܠ ܚܘܒܗ: ܐܘܪܒ ܪܥܝܢܝ ܠܡܡܠܠܘ ܥܠ ܫܘܦܪ̈ܝܗܘܢ.	ܒܪܝܟ ܗܘ ܡܫܝܚܐ ܕܒܟܠ ܙܒ̈ܢܝܢ ܡܘܪܒ ܥܒܕܘ̈ܗܝ: ܘܟܠܢ ܢܐܡܪ ܒܟܠܥܕܢܝܢ ܕܠܗ ܬܫܒܘܚܬܐ.			
http://syriaca.org/work/971	Sharbel (text)	ܫܪܒܝܠ	ܫܪܒܝܠ ܟܘܡܪܐ ܕܗܘܐ ܣܗܕܐ ܒܚܪܬ ܝܘ̈ܡܘܗܝ ܬܒܥܢܝ ܡܐܡܪܐ ܗܒ ܠܝ ܡܪܢ ܕܥܠܘܗܝ ܐܡܪ.	ܒܕܡܐ ܡܟܝܪܐ ܘܕܡܐ ܫܩܠܬ ܘܕܡܐ ܝܗܒܬ ܒܪܝܟ ܕܒܚܘܒܗ ܠܕܡܐ ܕܣܗ̈ܕܐ ܚܠܛ ܥܡ ܕܝܠܗ.			
http://syriaca.org/work/8526	Memre on Joseph	ܡܐܡܪ̈ܐ ܕܥܠ ܝܘܣܦ					
http://syriaca.org/work/8527	On Joseph (Memra 1)	ܡܺܐܡܪܳܐ ܩܰܕܡܳܝܳܐ ܕܥܰܠ ܝܰܘܣܶܦ	ܫܽܘܦܪܳܐ ܡܫܺܝܼܚܳܐ ܕܒܶܗ ܐܶܨܛܰܒܰܬ݂ܘ ܟܽܠܗܽܘܢ ܟܺܐܢ̈ܶܐ		https://syriaccorpus.org/26		
http://syriaca.org/work/8611	On Joseph (Memra 2)		ܫܰܪܒܶܗ ܕܝܰܘܣܶܦ ܬܰܒܥܰܢܝ ܕܰܐܘܣܼܶܦ ܐܶܡܿܰܠܶܠ ܠܶܗ		https://syriaccorpus.org/110		
http://syriaca.org/work/8612	On Joseph (Memra 3)		ܒܽܐܘܪܚܶܗ ܕܝܰܘܣܶܦ ܢܰܓܼܕܰܢܝ̱ ܡܺܐܡܪܳܐ ܠܰܡܗܰܠܳܟܽܘ		https://syriaccorpus.org/111		
http://syriaca.org/work/8613	On Joseph (Memra 4)		ܡܺܐܡܪܳܐ ܕܢܰܟܼܦܳܐ ܡܠܽܘܼܐܳܐ ܝܰܗܼܒ ܠܺܝ ܡܶܢ ܩܶܪܝܳܢܶܗ:		https://syriaccorpus.org/112		
http://syriaca.org/work/8614	On Joseph (Memra 5)		ܪܶܓܬ݂ܐ ܣܢܺܝܼܬ݂ܳܐ ܥܰܡ ܢܰܟܦܽܘܼܬ݂ܐ ܠܕܰܐܪܳܐ ܢܶܚܼܬܰܬ݂		https://syriaccorpus.org/113		
http://syriaca.org/work/8615	On Joseph (Memra 6)		ܐܰܝܢܳܐ ܕܡܰܡܪܰܚ ܕܢܶܨܽܘܪ ܫܶܡܫܳܐ ܡܶܛܥܳܐ ܛܳܥܿܶܐ		https://syriaccorpus.org/114		
http://syriaca.org/work/8616	On Joseph (Memra 7)		ܐ̱ܪ̈ܳܙܰܝ ܡܳܪܰܢ ܐܽܘܪܚܳܐ ܕܪܰܫܘ̱ ܠܺܝ ܒܶܝܬ ܩܶܪ̈ܝܳܢܶܐ		https://syriaccorpus.org/115		
http://syriaca.org/work/8617	On Joseph (Memra 8)		ܬܰܪܥܳܐ ܪܰܒܳܐ ܦܼܬܰܚ ܠܺܝ ܝܰܘܣܶܦ ܕܰܫܟܰܚ̈ܳܬ݂ܳܐ		https://syriaccorpus.org/116		
http://syriaca.org/work/8618	On Joseph (Memra 9)		ܗܰܘ ܫܰܦܺܝܪܳܐ ܝܰܘܣܶܦ ܕܰܢܨܰܚ ܒܶܝܬ ܡܶܨܪ̈ܳܝܶܐ		https://syriaccorpus.org/117		
http://syriaca.org/work/8619	On Joseph (Memra 10)		ܬܽܘܒ ܥܿܰܬܺܝܼܪܳܐ ܐܰܦܶܩ ܗܿܰܒ ܠܺܝ ܡܶܢ ܒܶܝܬ ܓܰܙܳܟ݂܇		https://syriaccorpus.org/118		
http://syriaca.org/work/8820	Memre of Jacob of Serugh	ܡܐܡܪ̈ܐ ܡܓܒܝ̈ܐ ܕܡܪܝ ܝܥܩܘܒ ܕܣܪܘܓ					
http://syriaca.org/work/8821	An Admonition	ܕܡܲܪܬ݁ܝܵܢܘܼܬܼܵܐ	ܐܲܙܝܼܥ ܩܵܠܲܝ̈ ܥܲܠ ܬܸܫܒ݁ܘܿܚܬܵܟܼ ܒܲܪ ܐܲܠܵܗܵܐ:		https://syriaccorpus.org/340		
http://syriaca.org/work/8822	On the Descent of the Highest upon Mount Sinai	ܕܥܲܠ ܡܲܚܲܬ݁ܬܹܗ ܕܪܵܡܵܐ ܥܲܠ ܛܘܼܪ ܣܝܼܢܲܝ	ܓܲܢ̄ܒܵܪ ܥܵܠܡܹ̈ܐ ܕܲܨܠ̣ܵܐ ܬܘܼܩܦܹܗ ܥܲܠ ܛܘܼܪ ܣܝܼܢܲܝ:		https://syriaccorpus.org/341		
http://syriaca.org/work/8823	On the Consecration of the Church and on Moses the Prophet	ܥܲܠ ܩܘܼܕܵܫ ܥܹܕܬܵܐ ܘܥܲܠ ܡܘܼܫܹܐ ܢܒ̣ܝܼܵܐ	ܐܲܢ̄ܬ݁ ܥܲܬ݁ܝܼܪܵܐ ܗܲܒ̣ ܠܲܣܢܝܼܩܵܐ ܕܒ̣ܵܥܹ̇ܐ ܡܸܢܵܟ̣:		https://syriaccorpus.org/342		
http://syriaca.org/work/8824	On the Brazen Serpent that Moses Set up in the Wilderness	ܥܲܠ ܚܸܘܝܵܐ ܕܲܢܚܵܫܵܐ ܕܐܲܪܝܼܡ ܡܘܼܫܹܐ ܒܡܲܕܼܒ݁ܪܵܐ	ܠܝܲܡܵܐ ܕܐ̄ܪ̈ܵܙܲܝܟ ܐܲܚܬܼܘܼܢܝ ܡܹܐܡܪ̈ܲܝܟ ܒܲܪ ܐܲܠܵܗܵܐ:		https://syriaccorpus.org/343		
http://syriaca.org/work/8825	On Aaron the Priest	ܥܲܠ ܐܲܗܪܘܿܢ ܟܵܗܢܵܐ	ܡ̣ܢ ܫܘܼܪܵܝܵܐ ܟܲܕܼ ܒܵܪܹܐ ܠܹܗ ܡܵܪܝܵܐ ܠܐܵܕܼܵܡ:		https://syriaccorpus.org/344		
http://syriaca.org/work/8826	On That Star Which the Magi Saw	ܥܲܠ ܟܵܘܟ݁ܒ̣ܵܐ ܗܵܘ̇ ܕܐܸܬܼܚܙܝܼ ܠܲܡܓ̣ܘܼ̈ܫܹܐ	ܕܼܢܚܵܐ ܪܲܒܵܐ ܕܲܡ̣ܠܵܐ ܥܵܠܡܵܐ ܡ̣ܢ ܙܲܠܝܼܩܵܘ̈ܗܝ:		https://syriaccorpus.org/345		
http://syriaca.org/work/8827	On the Baptism of the Law and on the Baptism of John and on the Baptism That Our Lord Gave to the Apostles	ܥܲܠ ܡܲܥܡܘܿܕܼܝܼܬܼܵܐ ܕܢܵܡܘܿܣܵܐ ܘܥܲܠ ܡܲܥܡܘܿܕܼܝܼܬܹܗ ܕܝܘܿܚܲܢܵܢ ܘܥܲܠ ܡܲܥܡܘܿܕܼܝܼܬܼܵܐ ܕܝܲܗ̣̄ܒ̣ ܡܵܪܲܢ ܠܲܫܠܝܼܚܹ̈ܐ	ܒܕܸܢܚܹܗ ܕܲܒ̣ܪܵܐ ܢܗܲܪ ܒܸܪ̈ܝܵܬܼܵܐ ܕܚܸܫ̈ܘܿܟ̣ܵܢ ܗ̄ܘܲܝ̈:		https://syriaccorpus.org/346		
http://syriaca.org/work/8828	On the Baptism of our Savior in the Jordan	ܥܲܠ ܥܡܵܕܼܗ ܕܦܵܪܘܿܩܲܢ ܕܲܒ̣ܝܘܿܪܕܢܵܢ	ܚܲܬܼܢܵܐ ܡܫܝܼܚܵܐ ܚܠܘܿܠܵܐ ܥ̣ܒܲܕܼ ܠܵܗ̇ ܠܥܸܕܲܬܼ ܥܲܡܡܹ̈ܐ:		https://syriaccorpus.org/347		
http://syriaca.org/work/8829	On Holy Baptism	ܥܲܠ ܡܲܥܡܘܿܕܼܝܼܬܼܵܐ ܩܲܕܝܼܫܬܵܐ			https://syriaccorpus.org/348		
http://syriaca.org/work/8830	"On the Prayer That Our Lord Taught to his Disciples: ""Our Father Which Art in Heaven"""	ܥܲܠ ܨܠܘܿܬܼܵܐ ܕܐܲܠܸܦ̣ ܡܵܪܲܢ ܠܬܲܠܡܝܼܕܼܵܘ̈ܗܝ ܐܲܒ̣ܘܼܢ ܕܒܲܫܡܲܝܵܐ ܢܸܬܼܩܲܕܲܫ ܫܡܵܟ̣	ܒܲܪ ܐܲܠܵܗܵܐ ܕܡܸܢܹܗ ܥܵܬܼ݁ܪܝܼܢ ܟܠ ܡܲܠܵܠܹ̈ܐ:		https://syriaccorpus.org/349		
http://syriaca.org/work/8831	On that Young Man who Said to Our Lord, “What Should I Do to Inherit Eternal Life”	ܥܲܠ ܗܵܘ̇ ܥܠܲܝܡܵܐ ܕܐܸܡܲܪ ܠܡܵܪܲܢ ܕܡܵܢܵܐ ܐܸܥܒܸ݁ܕܼ ܕܐܹܪܲܬܼ ܚܲܝܹ̈ܐ ܕܲܠܥܵܠܲܡ	ܡܸܠܬܼܵܟ̣ ܡܵܪܲܢ ܢܘܼܗܪܵܐ ܡܲܠܝܵܐ ܠܲܕܼܪܵܚܹܡ ܠܵܗ̇ :		https://syriaccorpus.org/350		
http://syriaca.org/work/8832	On the Prodigal Son	ܥܲܠ ܗܵܘ̇ ܒܪܵܐ ܕܦܲܪܲܚ̣ ܢܸܟ̣ܣܵܘ̈ܗܝ	ܡܸܠܬܼܵܟ̣ ܡܵܪܲܢ ܢܘܼܗܪܵܐ ܗ̄ܝܼ ܟ̱ܠܵܗ̇ ܠܲܕܼܪܵܚܹܡ ܠܵܗ̇ :		https://syriaccorpus.org/351		
http://syriaca.org/work/8833	On the Pharisee and the Publican Who Went up to the Temple to Pray	ܥܲܠ ܦܪܝܼܫܵܐ ܘܡܵܟ̣ܣܵܐ ܕܐܸܡܲܪ ܡܵܪܲܢ ܕܲܣܠܸܩ̣ܘ ܠܗܲܝܟ݁ܠܵܐ ܠܲܡܨܲܠܵܝܘܼ	ܡܲܠܦܵܢܘܼܬܹܗ ܕܒܲܪ ܐܲܠܵܗܵܐ ܚܲܝܹ̈ܐ ܡܲܠܝܵܐ:		https://syriaccorpus.org/352		
http://syriaca.org/work/8834	On the Parable That Our Lord Spoke about the Laborers Whom the Lord of the Vineyard Hired	ܥܲܠ ܡܲܬܼܠܵܐ ܕܐܸܡܲܪ ܡܵܪܲܢ ܕܦܵܥ̈ܠܹܐ ܕܐܸܓܲܪ ܡܵܪܹܐ ܟܲܪܡܵܐ	ܐܸܦ̮ܬܲܚ ܣܸܦ̈ܘܵܬܼܝ ܠܲܡܡܲܠܵܠܘܼ ܒܚܘܼܒܵܐ ܫܲܪܒܵܟ̣:		https://syriaccorpus.org/353		
http://syriaca.org/work/8835	On Zacchaeus the Publican	ܥܲܠ ܙܲܟܲܝ ܡܵܟ̣ܣܵܐ	ܡܸܛܠ ܒܝܼ̈ܫܹܐ ܐܲܪܡ̣ܝܼ ܐܘܼܪܚܹܗ ܒܥܵܠܡܵܐ ܡܵܪܲܢ:		https://syriaccorpus.org/354		
http://syriaca.org/work/8836	On the Rich Man and Lazarus	ܲܥܲܠ ܥܲܬ݁ܝܼܪܵܐ ܘܠܵܥܵܙܲܪ	ܠܵܟ̣ ܝܵܗ̇ܘܿܒ̣ܵܐ ܐܲܓ̣ܥܸܠ ܫܸܐܠܵܬܼ̈ܝ ܟܲܕܼ ܣܵܓܹ݁ܕܼ ܐ̄ܢܵܐ:		https://syriaccorpus.org/355		
http://syriaca.org/work/8837	On the Canaanite Woman	ܥܲܠ ܟܢܲܥܢܵܝܬܵܐ	ܢܘܼܗܪܵܐ ܪܲܒܵܐ ܕܢܲܚ̣ ܗ̄ܘܟܵܐ ܒܐܲܪܥܵܐ ܒܝܵܘ̈ܡܲܝ ܡܵܪܲܢ:		https://syriaccorpus.org/356		
http://syriaca.org/work/8838	On Palm Sunday	ܥܲܠ ܚܲܕܼܒܿܫܲܒܵܐ ܕܐܘܿܫܲܥ̈ܢܹܐ	ܢܸܒܼܥܵܐ ܕܚܲܝܹ̈ܐ ܐܸܫܬܿܝܼܘ ܡܸܢܹܗ ܡܝܼܬܼ̈ܐ ܘܲܚ̣ܝܵܘ:		https://syriaccorpus.org/357		
http://syriaca.org/work/8839	On Our Lord's Question and on the Revelation That Simon Received from the Father	ܥܲܠ ܫܘܼܐܵܠܹܗ ܕܡܵܪܲܢ ܘܥܲܠ ܓܸܠܝܵܢܵܐ ܕܩܲܒܸܿܠܼ ܫܸܡܥܘܿܢ ܡܼܢ ܐܲܒܼܵܐ	ܐ̄ܒܼܵܐ ܪܲܚܡܵܢܵܐ ܕܦܲܪܩܲܢ ܒܲܕܡܹܗ ܕܝܼܚܝܼܕܵܝܹܗ:		https://syriaccorpus.org/358		
http://syriaca.org/work/8840	On Simon Peter When Our Lord Said to him, “Get Thee Behind Me Satan”	ܥܲܠ ܫܸܡܥܘܿܢ ܟܹܐܦܵܐ ܟܲܕܼ ܐܸܡܸܿܪ ܠܹܗ ܡܵܪܲܢ ܙܸܠ ܠܵܟܼ ܠܒܸܣܬܲܪܝ ܣܵܛܵܢܵܐ	ܒܟܼܠܗܘܿܢ ܡܹܐܡܪ̈ܲܝ ܠܵܟܼ ܩܵܪܹܐ ܐ̄ܢܵܐ ܒܪܵܐ ܫܲܪܝܼܪܵܐ:		https://syriaccorpus.org/359		
http://syriaca.org/work/8841	On the Denial of Peter	ܥܲܠ ܟܦܘܼܪܝܹܗ ܕܫܸܡܥܘܿܢ	ܒܫܵܥܬܼܵܐ ܕܕܼܝܼܢܵܟܼ ܐܲܨܸܕܼ ܪܸܥܝܵܢܝ ܒܲܪ ܐܲܠܵܗܵܐ:		https://syriaccorpus.org/360		
http://syriaca.org/work/8842	On the Memorial of the Departed and on the Eucharistic Bread	ܥܠ ܕܗܟܪܢܐ ܕܥܢܝ̈ܕܐ ܘܥܠ ܩܨܬܐ	"ܐܸܠܘܼ ܐܝܼܬܼ ܗ̄ܘ̣ܵܐ ܐܸܕܼܢܵܐ ܕܫܵܡ̇ܥܵܐ( )
                    ܚܲܒ̇ܝܼܒܼܵܐܝܼܬܼ:"		https://syriaccorpus.org/361		
http://syriaca.org/work/8843	On the Lenten Fast I	ܥܲܠ ܨܵܘܡܵܐ ܩܲܕܝܼܫܵܐ ܕܐܲܪܒ̇ܥܝܼܢ ܐ	ܠܘܲܥܕܹܗ ܕܫܘܼܒܼܚܵܟܼ ܬܸܪܗܲܛ ܡܸܠܲܬܼܝ ܒܲܪ ܐܲܠܵܗܵܐ:		https://syriaccorpus.org/362		
http://syriaca.org/work/8844	On the Lenten Fast II	ܥܲܠ ܨܵܘܡܵܐ ܩܲܕܝܼܫܵܐ ܕܐܲܪܒܿܥܝܼܢ ܒ	ܦܹܐܖܹ̈ܐ ܚܠܲܝ̈ܵܐ ܕܨܵܘܡܵܐ ܩܸܛ̇ܦܹܬܼ ܡ̣ܢ ܝܘܼܠܦܵܢܵܐ:		https://syriaccorpus.org/363		
http://syriaca.org/work/8845	On the Lenten Fast III	ܥܲܠ ܨܵܘܡܵܐ ܩܲܕܝܼܫܵܐ ܕܐܲܪܒܿܥܝܼܢ ܓ	.ܓ.( ) ܕܥܲܠ ܨܵܘܡܵܐ ܩܲܕܝܼܫܵܐ ܕܐܲܪܒܥܝܼܢ.		https://syriaccorpus.org/364		
http://syriaca.org/work/8846	On the Love of God and On Perfect Reconciliation	ܥܲܠ ܚܘܼܒܵܐ ܒܪܵܐ ܕܐܲܠܵܗܵܐ ܕܐܸܬܼܵܐ ܒܚܘܼܒܹܗ ܕܲܢܚܲܕܸܬܼ ܟܠ			https://syriaccorpus.org/365		
http://syriaca.org/work/8847	On Godly Virginity	ܥܲܠ ܡܲܪܬܝܵܢܘܼܬܼܵܐ	ܥܲܠ ܡܲܝܢܲܩܬܵܐ ܣܢܝܼܩ ܝܲܠܘܼܕܼܵܐ ܕܢܸܚܸܐ ܡܸܢܵܗ̇:		https://syriaccorpus.org/366		
http://syriaca.org/work/8848	On the Power of Repentance	ܥܲܠ ܬܼܝܵܒܼܘܼܬܼܵܐ	ܒܵܟܼ ܡܵܪܝ ܐܹܚܘܼܪ ܕܲܡܠܹܝܬܿ ܫܘܼܦܖܹ̈ܐ ܠܲܕܼܚܵܐܲܪ ܒܵܟܼ܀		https://syriaccorpus.org/367		
http://syriaca.org/work/8849	On Repentance and an Admonition	ܥܲܠ ܬܝܵܒܼܘܼܬܼܵܐ ܘܡܲܪܬܿܝܵܢܘܼܬܼܵܐ	ܣܲܓܝܼ ܦܫܝܼܩܵܐ ܐܘܼܪܚܵܐ ܪܲܒܿܬܼܵܐ ܕܲܬܼܝܵܒܼܘܼܬܼܵܐ:		https://syriaccorpus.org/368		
